{
  "kind": "collectionType",
  "collectionName": "courses",
  "info": {
    "singularName": "course",
    "pluralName": "courses",
    "displayName": "Course",
    "description": ""
  },
  "options": {
    "draftAndPublish": true
  },
  "pluginOptions": {},
  "attributes": {
    "header": {
      "type": "string",
      "required": true,
      "unique": true
    },
    "description": {
      "type": "richtext"
    },
    "cover": {
      "type": "media",
      "multiple": false,
      "required": true,
      "allowedTypes": [
        "images"
      ]
    },
    "link": {
      "type": "string",
      "required": true,
      "unique": true
    },
    "subtitle": {
      "type": "string",
      "required": true,
      "unique": true
    }
  }
}
